sl_no,date,Name,Product_name,price
,,,,
1,17-Mar-2018,AJMER (F & V),APPLE  - सेब , 3360.00 / QUINTA
2,17-Mar-2018,AJMER (F & V),BANANA  - केला , 1472.00 / QUINTA
3,17-Mar-2018,AJMER (F & V),BRINJAL  - बैंगन , 996.00 / QUINTA
4,17-Mar-2018,AJMER (F & V),CABBAGE  - गोभी , 968.00 / QUINTA
5,17-Mar-2018,AJMER (F & V),CAPSICUM  - शिमला मिर्च , 2093.00 / QUINTA
6,17-Mar-2018,AJMER (F & V),CARROT  - गाजर , 1530.00 / QUINTA
7,17-Mar-2018,AJMER (F & V),CAULI FLOWER  - गोभी , 1131.00 / QUINTA
8,17-Mar-2018,AJMER (F & V),CHILLY  - चिल्ली , 1602.00 / QUINTA
9,17-Mar-2018,AJMER (F & V),CLUSTER BEANS  - ग्वार फली , 2520.00 / QUINTA
10,17-Mar-2018,AJMER (F & V),CUCUMBER  - खीरा , 714.00 / QUINTA
11,17-Mar-2018,AJMER (F & V),GARLIC  - लहसुन , 3956.00 / QUINTA
12,17-Mar-2018,AJMER (F & V),GINGER  - अदरक , 2670.00 / QUINTA
13,17-Mar-2018,AJMER (F & V),GRAPES  - अंगूर , 3520.00 / QUINTA
14,17-Mar-2018,AJMER (F & V),GREEN PEAS  - हरी मटर , 5655.00 / QUINTA
15,17-Mar-2018,AJMER (F & V),LEMON  - नींबू , 2392.00 / QUINTA
16,17-Mar-2018,AJMER (F & V),MOSAMBI  - मौसंबी , 2944.00 / QUINTA
17,17-Mar-2018,AJMER (F & V),OKRA (LADY FINGER)  - भिन्डी , 2436.00 / QUINTA
18,17-Mar-2018,AJMER (F & V),ONION  - प्याज , 2403.00 / QUINTA
19,17-Mar-2018,AJMER (F & V),PAPAYA  - पपीता , 1496.00 / QUINTA
20,17-Mar-2018,AJMER (F & V),PINE APPLE  - अनानास , 2720.00 / QUINTA
21,17-Mar-2018,AJMER (F & V),POME GRANATE  - अनार , 5096.00 / QUINTA
22,17-Mar-2018,AJMER (F & V),POTATO  - आलू , 473.00 / QUINTA
23,17-Mar-2018,AJMER (F & V),PUMPKIN  - कद्दू , 697.00 / QUINTA
24,17-Mar-2018,AJMER (F & V),RADDISH  - मूली , 585.00 / QUINTA
25,17-Mar-2018,AJMER (F & V),SAPOTA  - चीकू , 2520.00 / QUINTA
26,17-Mar-2018,AJMER (F & V),SUGARBEET  - मीठे चुक़ंदर , 1131.00 / QUINTA
,,,,
27,17-Mar-2018,AJMER (F & V),TOMATO  - टमाटर , 2184.00 / QUINTA
28,17-Mar-2018,AJMER (F & V),WATER MELON  - तरबूज , 1196.00 / QUINTA
29,17-Mar-2018,ALWAR,BAJRA SMALL  - छोटे बाजरा , 986.00 / QUINTA
30,17-Mar-2018,ALWAR,BARLEY  - जौ , 1210.00 / QUINTA
31,17-Mar-2018,ALWAR,GOWAR  - ग्वार , 2904.00 / QUINTA
32,17-Mar-2018,ALWAR,GRAM  - चना , 4005.00 / QUINTA
,,,,
33,17-Mar-2018,ALWAR,MAIZE WHITE  - सफेद मक्का , 1327.00 / QUINTA
34,17-Mar-2018,ALWAR,MUSTARD (LAHA)  - सरसों (laha) , 3018.00 / QUINTA
35,17-Mar-2018,ALWAR,TIL (WHITE)  - तिल (सफेद) , 5228.00 / QUINTA
36,17-Mar-2018,ALWAR,WHEAT 1482  - गेहूं 1482 , 1497.00 / QUINTA
37,17-Mar-2018,ANOOPGARH,BAJRA BOLD  - बाजरा बोल्ड , 1004.00 / QUINTA
38,17-Mar-2018,ANOOPGARH,BARLEY  - जौ , 1211.00 / QUINTA
39,17-Mar-2018,ANOOPGARH,GOWAR  - ग्वार , 3130.00 / QUINTA
40,17-Mar-2018,ANOOPGARH,GRAM  - चना , 3980.00 / QUINTA
41,17-Mar-2018,ANOOPGARH,KAPAS AMERICAN  - अमेरिकन कपास , 4079.00 / QUINTA
42,17-Mar-2018,ANOOPGARH,KAPAS DESHI  - कपास देशी , 4771.00 / QUINTA
43,17-Mar-2018,ANOOPGARH,MOONG (LOCAL)  - मूंग (स्थानीय) , 3663.00 / QUINTA
44,17-Mar-2018,ANOOPGARH,MUSTARD (LAHA)  - सरसों (laha) , 2829.00 / QUINTA
45,17-Mar-2018,ANOOPGARH,WHEAT 1482  - गेहूं 1482 , 1383.00 / QUINTA
46,17-Mar-2018,ASIND,JOWAR WHITE  - सफेद ज्वार , 1260.00 / QUINTA
47,17-Mar-2018,BADI,BAJRA SMALL  - छोटे बाजरा , 896.00 / QUINTA
48,17-Mar-2018,BADI,MUSTARD (LAHA)  - सरसों (laha) , 3401.00 / QUINTA
49,17-Mar-2018,BADI,TIL (WHITE)  - तिल (सफेद) , 5612.00 / QUINTA
50,17-Mar-2018,BADI,WHEAT 1482  - गेहूं 1482 , 1515.00 / QUINTA
51,17-Mar-2018,BANDIKUI,BAJRA BOLD  - बाजरा बोल्ड , 1010.00 / QUINTA
52,17-Mar-2018,BANDIKUI,BARLEY  - जौ , 979.00 / QUINTA
53,17-Mar-2018,BANDIKUI,GOWAR  - ग्वार , 2614.00 / QUINTA
54,17-Mar-2018,BANDIKUI,GRAM  - चना , 3978.00 / QUINTA
55,17-Mar-2018,BANDIKUI,JOWAR LOCAL  - ज्वार (लोकल) , 1531.00 / QUINTA
56,17-Mar-2018,BANDIKUI,MAIZE RED  - लाल मक्का , 1313.00 / QUINTA
57,17-Mar-2018,BANDIKUI,MUSTARD (LAHA)  - सरसों (laha) , 3234.00 / QUINTA
58,17-Mar-2018,BANDIKUI,TIL (GAJJAR)  - तिल (गज्जर) , 5514.00 / QUINTA
,,,,
59,17-Mar-2018,BANDIKUI,WHEAT MAXICAN  - गेहूं मैक्सिकन , 1481.00 / QUINTA
60,17-Mar-2018,BAYANA,BAJRA SMALL  - छोटे बाजरा , 968.00 / QUINTA
61,17-Mar-2018,BAYANA,GOWAR  - ग्वार , 2793.00 / QUINTA
62,17-Mar-2018,BAYANA,MUSTARD (LAHA)  - सरसों (laha) , 3358.00 / QUINTA
63,17-Mar-2018,BAYANA,TIL (WHITE)  - तिल (सफेद) , 5696.00 / QUINTA
64,17-Mar-2018,BAYANA,WHEAT 1482  - गेहूं 1482 , 1463.00 / QUINTA
,,,,
65,17-Mar-2018,BEAWAR,BAJRA BOLD  - बाजरा बोल्ड , 1127.00 / QUINTA
66,17-Mar-2018,BEAWAR,GRAM  - चना , 3959.00 / QUINTA
67,17-Mar-2018,BEAWAR,JOWAR WHITE  - सफेद ज्वार , 1740.00 / QUINTA
68,17-Mar-2018,BEAWAR,KAPAS AMERICAN  - अमेरिकन कपास , 4038.00 / QUINTA
69,17-Mar-2018,BEAWAR,MAIZE RED  - लाल मक्का , 1398.00 / QUINTA
70,17-Mar-2018,BEAWAR,MOONG (LOCAL)  - मूंग (स्थानीय) , 3560.00 / QUINTA
71,17-Mar-2018,BEAWAR,MUSTARD (LAHA)  - सरसों (laha) , 3146.00 / QUINTA
72,17-Mar-2018,BEAWAR,URAD (LOCAL)  - उड़द (स्थानीय) , 2763.00 / QUINTA
73,17-Mar-2018,BHADRA,GOWAR  - ग्वार , 3047.00 / QUINTA
74,17-Mar-2018,BHADRA,MOONG (LOCAL)  - मूंग (स्थानीय) , 3060.00 / QUINTA
75,17-Mar-2018,BHADRA,MOTH  - मोठ , 2587.00 / QUINTA
76,17-Mar-2018,BHARATPUR,BAJRA SMALL  - छोटे बाजरा , 943.00 / QUINTA
77,17-Mar-2018,BHARATPUR,BARLEY  - जौ , 1204.00 / QUINTA
78,17-Mar-2018,BHARATPUR,GOWAR  - ग्वार , 2735.00 / QUINTA
79,17-Mar-2018,BHARATPUR,MUSTARD (LAHA)  - सरसों (laha) , 3212.00 / QUINTA
80,17-Mar-2018,BHARATPUR,WHEAT 1482  - गेहूं 1482 , 1378.00 / QUINTA
81,17-Mar-2018,BHILWARA,BARLEY  - जौ , 1227.00 / QUINTA
82,17-Mar-2018,BHILWARA,GOWAR  - ग्वार , 2826.00 / QUINTA
83,17-Mar-2018,BHILWARA,GROUNDNUT (WHITE)  - मूंगफली (सफेद) , 2352.00 / QUINTA
84,17-Mar-2018,BHILWARA,JOWAR WHITE  - सफेद ज्वार , 1041.00 / QUINTA
85,17-Mar-2018,BHILWARA,MAIZE RED  - लाल मक्का , 1296.00 / QUINTA
86,17-Mar-2018,BHILWARA,MOONG (LOCAL)  - मूंग (स्थानीय) , 2520.00 / QUINTA
87,17-Mar-2018,BHILWARA,MUSTARD (LAHA)  - सरसों (laha) , 2759.00 / QUINTA
88,17-Mar-2018,BHILWARA,URAD (LOCAL)  - उड़द (स्थानीय) , 2990.00 / QUINTA
89,17-Mar-2018,BHILWARA,WHEAT MAXICAN  - गेहूं मैक्सिकन , 1502.00 / QUINTA
90,17-Mar-2018,BIJAYNAGAR,GOWAR  - ग्वार , 2975.00 / QUINTA
,,,,
91,17-Mar-2018,BIJAYNAGAR,JOWAR WHITE  - सफेद ज्वार , 1232.00 / QUINTA
92,17-Mar-2018,BIJAYNAGAR,KAPAS AMERICAN  - अमेरिकन कपास , 4508.00 / QUINTA
93,17-Mar-2018,BIJAYNAGAR,MAIZE RED  - लाल मक्का , 1291.00 / QUINTA
94,17-Mar-2018,BIJAYNAGAR,MOONG (LOCAL)  - मूंग (स्थानीय) , 3600.00 / QUINTA
95,17-Mar-2018,BIJAYNAGAR,URAD (LOCAL)  - उड़द (स्थानीय) , 3306.00 / QUINTA
96,17-Mar-2018,BIJAYNAGAR,WHEAT MAXICAN  - गेहूं मैक्सिकन , 1335.00 / QUINTA
,,,,
97,17-Mar-2018,BIKANER (GRAIN),GOWAR  - ग्वार , 3146.00 / QUINTA
98,17-Mar-2018,BIKANER (GRAIN),GRAM  - चना , 4371.00 / QUINTA
99,17-Mar-2018,BIKANER (GRAIN),GROUNDNUT (WHITE)  - मूंगफली (सफेद) , 3346.00 / QUINTA
100,17-Mar-2018,BIKANER (GRAIN),METHI  - मेथी , 2076.00 / QUINTA
101,17-Mar-2018,BIKANER (GRAIN),MOONG (LOCAL)  - मूंग (स्थानीय) , 4054.00 / QUINTA
102,17-Mar-2018,BIKANER (GRAIN),MOTH  - मोठ , 3014.00 / QUINTA
103,17-Mar-2018,BIKANER (GRAIN),MUSTARD (LAHA)  - सरसों (laha) , 2969.00 / QUINTA
104,17-Mar-2018,BIKANER (GRAIN),TIL (GAJJAR)  - तिल (गज्जर) , 4731.00 / QUINTA
105,17-Mar-2018,BUNDI,BARLEY  - जौ , 1038.00 / QUINTA
106,17-Mar-2018,BUNDI,DHANIA BOLD  - धनिया बोल्ड , 2690.00 / QUINTA
107,17-Mar-2018,BUNDI,MAIZE RED  - लाल मक्का , 930.00 / QUINTA
108,17-Mar-2018,BUNDI,MASUR  - मसूर , 2849.00 / QUINTA
109,17-Mar-2018,BUNDI,METHI  - मेथी , 1653.00 / QUINTA
110,17-Mar-2018,BUNDI,MUSTARD (LAHA)  - सरसों (laha) , 2845.00 / QUINTA
111,17-Mar-2018,BUNDI,PADDY (LOCAL)  - धान (स्थानीय) , 2145.00 / QUINTA
112,17-Mar-2018,BUNDI,SOYABEAN YELLOW  - पीला सोयाबीन , 2330.00 / QUINTA
113,17-Mar-2018,BUNDI,WHEAT MAXICAN  - गेहूं मैक्सिकन , 1492.00 / QUINTA
114,17-Mar-2018,CHOMU,BAJRA BOLD  - बाजरा बोल्ड , 995.00 / QUINTA
115,17-Mar-2018,CHOMU,GOWAR  - ग्वार , 2671.00 / QUINTA
116,17-Mar-2018,CHOMU,GRAM  - चना , 4505.00 / QUINTA
117,17-Mar-2018,CHOMU,GROUNDNUT (WHITE)  - मूंगफली (सफेद) , 3915.00 / QUINTA
118,17-Mar-2018,CHOMU,MAIZE RED  - लाल मक्का , 1050.00 / QUINTA
119,17-Mar-2018,CHOMU,MOONG (LOCAL)  - मूंग (स्थानीय) , 4868.00 / QUINTA
120,17-Mar-2018,CHOMU,MUSTARD (LAHA)  - सरसों (laha) , 2973.00 / QUINTA
121,17-Mar-2018,CHOMU,TARAMIRA  - तारामीरा  , 3049.00 / QUINTA
122,17-Mar-2018,CHOMU,WHEAT MAXICAN  - गेहूं मैक्सिकन , 1382.00 / QUINTA
,,,,
123,17-Mar-2018,CHURU,MOONG (LOCAL)  - मूंग (स्थानीय) , 3569.00 / QUINTA
124,17-Mar-2018,DEEG,BAJRA SMALL  - छोटे बाजरा , 921.00 / QUINTA
125,17-Mar-2018,DEEG,GOWAR  - ग्वार , 2994.00 / QUINTA
126,17-Mar-2018,DEEG,MUSTARD (LAHA)  - सरसों (laha) , 3319.00 / QUINTA
127,17-Mar-2018,DEEG,WHEAT 1482  - गेहूं 1482 , 1465.00 / QUINTA
128,17-Mar-2018,DEOLI,BAJRA BOLD  - बाजरा बोल्ड , 937.00 / QUINTA
,,,,
129,17-Mar-2018,DEOLI,BARLEY  - जौ , 1192.00 / QUINTA
130,17-Mar-2018,DEOLI,CHAULA  - छोला , 3486.00 / QUINTA
131,17-Mar-2018,DEOLI,GOWAR  - ग्वार , 2675.00 / QUINTA
132,17-Mar-2018,DEOLI,JOWAR WHITE  - सफेद ज्वार , 1251.00 / QUINTA
133,17-Mar-2018,DEOLI,MAIZE RED  - लाल मक्का , 1113.00 / QUINTA
134,17-Mar-2018,DEOLI,MASUR  - मसूर , 2784.00 / QUINTA
135,17-Mar-2018,DEOLI,MOONG (LOCAL)  - मूंग (स्थानीय) , 3402.00 / QUINTA
136,17-Mar-2018,DEOLI,MUSTARD (LAHA)  - सरसों (laha) , 3026.00 / QUINTA
137,17-Mar-2018,DEOLI,SOYABEAN YELLOW  - पीला सोयाबीन , 2193.00 / QUINTA
138,17-Mar-2018,DEOLI,URAD (LOCAL)  - उड़द (स्थानीय) , 2688.00 / QUINTA
139,17-Mar-2018,DEOLI,WHEAT MAXICAN  - गेहूं मैक्सिकन , 1350.00 / QUINTA
140,17-Mar-2018,DHOLPUR,BAJRA SMALL  - छोटे बाजरा , 907.00 / QUINTA
141,17-Mar-2018,DUNGARGARH,GOWAR  - ग्वार , 2889.00 / QUINTA
142,17-Mar-2018,DUNGARGARH,GROUNDNUT (WHITE)  - मूंगफली (सफेद) , 3268.00 / QUINTA
143,17-Mar-2018,DUNGARGARH,MOTH  - मोठ , 2731.00 / QUINTA
144,17-Mar-2018,GAJSINGHPUR,GOWAR  - ग्वार , 2899.00 / QUINTA
145,17-Mar-2018,GAJSINGHPUR,GRAM  - चना , 4221.00 / QUINTA
146,17-Mar-2018,GAJSINGHPUR,KAPAS AMERICAN  - अमेरिकन कपास , 3769.00 / QUINTA
147,17-Mar-2018,GAJSINGHPUR,KAPAS DESHI  - कपास देशी , 5418.00 / QUINTA
148,17-Mar-2018,GAJSINGHPUR,MOONG (LOCAL)  - मूंग (स्थानीय) , 3571.00 / QUINTA
149,17-Mar-2018,GAJSINGHPUR,MUSTARD (LAHA)  - सरसों (laha) , 3002.00 / QUINTA
150,17-Mar-2018,GAJSINGHPUR,WHEAT 1482  - गेहूं 1482 , 1352.00 / QUINTA
151,17-Mar-2018,GANGAPUR,JOWAR WHITE  - सफेद ज्वार , 1100.00 / QUINTA
152,17-Mar-2018,GANGAPUR,KAPAS AMERICAN  - अमेरिकन कपास , 3743.00 / QUINTA
153,17-Mar-2018,GANGAPUR,MAIZE RED  - लाल मक्का , 1032.00 / QUINTA
154,17-Mar-2018,GANGAPUR,WHEAT MAXICAN  - गेहूं मैक्सिकन , 1402.00 / QUINTA
,,,,
155,17-Mar-2018,GHARSANA,GOWAR  - ग्वार , 2888.00 / QUINTA
156,17-Mar-2018,GHARSANA,GRAM  - चना , 4185.00 / QUINTA
157,17-Mar-2018,GHARSANA,KAPAS AMERICAN  - अमेरिकन कपास , 3915.00 / QUINTA
158,17-Mar-2018,GHARSANA,KAPAS DESHI  - कपास देशी , 4559.00 / QUINTA
159,17-Mar-2018,GHARSANA,MOONG (LOCAL)  - मूंग (स्थानीय) , 3698.00 / QUINTA
160,17-Mar-2018,GHARSANA,MUSTARD (LAHA)  - सरसों (laha) , 2881.00 / QUINTA
,,,,
161,17-Mar-2018,GHARSANA,WHEAT 1482  - गेहूं 1482 , 1459.00 / QUINTA
162,17-Mar-2018,GOLUWALA,GOWAR  - ग्वार , 3115.00 / QUINTA
163,17-Mar-2018,GOLUWALA,GRAM  - चना , 3976.00 / QUINTA
164,17-Mar-2018,GOLUWALA,KAPAS AMERICAN  - अमेरिकन कपास , 4199.00 / QUINTA
165,17-Mar-2018,GOLUWALA,MOONG (LOCAL)  - मूंग (स्थानीय) , 3828.00 / QUINTA
166,17-Mar-2018,GOLUWALA,MUSTARD (LAHA)  - सरसों (laha) , 3166.00 / QUINTA
167,17-Mar-2018,HANUMANGARH,GOWAR  - ग्वार , 3109.00 / QUINTA
168,17-Mar-2018,HANUMANGARH,GRAM  - चना , 3864.00 / QUINTA
169,17-Mar-2018,HANUMANGARH,GROUNDNUT (WHITE)  - मूंगफली (सफेद) , 2919.00 / QUINTA
170,17-Mar-2018,HANUMANGARH,KAPAS AMERICAN  - अमेरिकन कपास , 4042.00 / QUINTA
171,17-Mar-2018,HANUMANGARH,KAPAS DESHI  - कपास देशी , 2469.00 / QUINTA
172,17-Mar-2018,HANUMANGARH,MOONG (LOCAL)  - मूंग (स्थानीय) , 3403.00 / QUINTA
173,17-Mar-2018,HANUMANGARH,PADDY (LOCAL)  - धान (स्थानीय) , 2390.00 / QUINTA
174,17-Mar-2018,HANUMANGARH,WHEAT MAXICAN  - गेहूं मैक्सिकन , 1463.00 / QUINTA
175,17-Mar-2018,IKLERA,DHANIA BOLD  - धनिया बोल्ड , 3444.00 / QUINTA
176,17-Mar-2018,IKLERA,MAIZE WHITE  - सफेद मक्का , 930.00 / QUINTA
177,17-Mar-2018,IKLERA,MUSTARD (LAHA)  - सरसों (laha) , 2915.00 / QUINTA
178,17-Mar-2018,IKLERA,SOYABEAN YELLOW  - पीला सोयाबीन , 2195.00 / QUINTA
179,17-Mar-2018,IKLERA,URAD (LOCAL)  - उड़द (स्थानीय) , 2306.00 / QUINTA
180,17-Mar-2018,IKLERA,WHEAT MAXICAN  - गेहूं मैक्सिकन , 1291.00 / QUINTA
181,17-Mar-2018,JAIPUR (F & V),APPLE  - सेब , 6665.00 / QUINTA
182,17-Mar-2018,JAIPUR (F & V),BANANA  - केला , 1710.00 / QUINTA
183,17-Mar-2018,JAIPUR (F & V),BOTTLE GOURD  - लौकी , 1376.00 / QUINTA
184,17-Mar-2018,JAIPUR (F & V),BRINJAL  - बैंगन , 1333.00 / QUINTA
185,17-Mar-2018,JAIPUR (F & V),CABBAGE  - गोभी , 1440.00 / QUINTA
186,17-Mar-2018,JAIPUR (F & V),CAPSICUM  - शिमला मिर्च , 3613.00 / QUINTA
,,,,
187,17-Mar-2018,JAIPUR (F & V),CAULI FLOWER  - गोभी , 1150.00 / QUINTA
188,17-Mar-2018,JAIPUR (F & V),CORIANDER(LV)  - धनिया (LV) , 2893.00 / QUINTA
189,17-Mar-2018,JAIPUR (F & V),CUCUMBER  - खीरा , 1575.00 / QUINTA
190,17-Mar-2018,JAIPUR (F & V),GARLIC  - लहसुन , 2310.00 / QUINTA
191,17-Mar-2018,JAIPUR (F & V),GINGER  - अदरक , 2168.00 / QUINTA
192,17-Mar-2018,JAIPUR (F & V),LEMON  - नींबू , 2139.00 / QUINTA
,,,,
193,17-Mar-2018,JAIPUR (F & V),MOSAMBI  - मौसंबी , 3071.00 / QUINTA
194,17-Mar-2018,JAIPUR (F & V),OKRA (LADY FINGER)  - भिन्डी , 1764.00 / QUINTA
195,17-Mar-2018,JAIPUR (F & V),ONION  - प्याज , 2275.00 / QUINTA
196,17-Mar-2018,JAIPUR (F & V),ORANGE  - नारंगी , 3413.00 / QUINTA
197,17-Mar-2018,JAIPUR (F & V),PAPAYA  - पपीता , 1419.00 / QUINTA
198,17-Mar-2018,JAIPUR (F & V),POME GRANATE  - अनार , 6163.00 / QUINTA
199,17-Mar-2018,JAIPUR (F & V),POTATO  - आलू , 323.00 / QUINTA
200,17-Mar-2018,JAIPUR (F & V),PUMPKIN  - कद्दू , 588.00 / QUINTA
201,17-Mar-2018,JAIPUR (F & V),SAPOTA  - चीकू , 2548.00 / QUINTA
202,17-Mar-2018,JAIPUR (F & V),SPINACH  - पालक , 546.00 / QUINTA
203,17-Mar-2018,JAIPUR (F & V),TOMATO  - टमाटर , 2852.00 / QUINTA
204,17-Mar-2018,JAIPUR (GRAIN),ARHAR (LOCAL)  - अरहर (स्थानीय) , 4094.00 / QUINTA
205,17-Mar-2018,JAIPUR (GRAIN),BAJRA BOLD  - बाजरा बोल्ड , 965.00 / QUINTA
206,17-Mar-2018,JAIPUR (GRAIN),BARLEY  - जौ , 1268.00 / QUINTA
207,17-Mar-2018,JAIPUR (GRAIN),CHILLIES DRY  - सूखी मिर्च , 5670.00 / QUINTA
208,17-Mar-2018,JAIPUR (GRAIN),DHANIA BOLD  - धनिया बोल्ड , 2940.00 / QUINTA
209,17-Mar-2018,JAIPUR (GRAIN),GOWAR  - ग्वार , 3026.00 / QUINTA
210,17-Mar-2018,JAIPUR (GRAIN),GRAM  - चना , 4607.00 / QUINTA
211,17-Mar-2018,JAIPUR (GRAIN),GROUNDNUT (WHITE)  - मूंगफली (सफेद) , 3569.00 / QUINTA
212,17-Mar-2018,JAIPUR (GRAIN),GUR (WHOLE SALE)  - गुड़ (थोक में) , 3103.00 / QUINTA
213,17-Mar-2018,JAIPUR (GRAIN),JEERA (CUMIN)  - जीरा (जीरा) , 11889.00 / QUINTA
214,17-Mar-2018,JAIPUR (GRAIN),JOWAR LOCAL  - ज्वार (लोकल) , 1740.00 / QUINTA
215,17-Mar-2018,JAIPUR (GRAIN),MAIZE RED  - लाल मक्का , 1296.00 / QUINTA
216,17-Mar-2018,JAIPUR (GRAIN),METHI  - मेथी , 2349.00 / QUINTA
217,17-Mar-2018,JAIPUR (GRAIN),MOONG (LOCAL)  - मूंग (स्थानीय) , 3780.00 / QUINTA
218,17-Mar-2018,JAIPUR (GRAIN),MUSTARD (LAHA)  - सरसों (laha) , 2864.00 / QUINTA
,,,,
219,17-Mar-2018,JAIPUR (GRAIN),SUGAR (WHOLE SALE)  - चीनी (थोक में) , 3499.00 / QUINTA
220,17-Mar-2018,JAIPUR (GRAIN),TARAMIRA  - तारामीरा  , 6174.00 / QUINTA
221,17-Mar-2018,JAIPUR (GRAIN),TIL (GAJJAR)  - तिल (गज्जर) , 6256.00 / QUINTA
222,17-Mar-2018,JAIPUR (GRAIN),WHEAT MAXICAN  - गेहूं मैक्सिकन , 1779.00 / QUINTA
223,17-Mar-2018,JAITSAR,BAJRA BOLD  - बाजरा बोल्ड , 1035.00 / QUINTA
224,17-Mar-2018,JAITSAR,BARLEY  - जौ , 1092.00 / QUINTA
,,,,
225,17-Mar-2018,JAITSAR,GOWAR  - ग्वार , 3028.00 / QUINTA
226,17-Mar-2018,JAITSAR,GRAM  - चना , 3969.00 / QUINTA
227,17-Mar-2018,JAITSAR,KAPAS AMERICAN  - अमेरिकन कपास , 3996.00 / QUINTA
228,17-Mar-2018,JAITSAR,KAPAS DESHI  - कपास देशी , 5094.00 / QUINTA
229,17-Mar-2018,JAITSAR,MOONG (LOCAL)  - मूंग (स्थानीय) , 3394.00 / QUINTA
230,17-Mar-2018,JAITSAR,MUSTARD (LAHA)  - सरसों (laha) , 2831.00 / QUINTA
231,17-Mar-2018,JODHPUR (F & V),AMLA  - आंवला , 1092.00 / QUINTA
232,17-Mar-2018,JODHPUR (F & V),APPLE  - सेब , 3400.00 / QUINTA
233,17-Mar-2018,JODHPUR (F & V),BITTER GOURD  - करेला , 890.00 / QUINTA
234,17-Mar-2018,JODHPUR (F & V),BOTTLE GOURD  - लौकी , 510.00 / QUINTA
235,17-Mar-2018,JODHPUR (F & V),BRINJAL  - बैंगन , 792.00 / QUINTA
236,17-Mar-2018,JODHPUR (F & V),CABBAGE  - गोभी , 1275.00 / QUINTA
237,17-Mar-2018,JODHPUR (F & V),CAPSICUM  - शिमला मिर्च , 1760.00 / QUINTA
238,17-Mar-2018,JODHPUR (F & V),CARROT  - गाजर , 1056.00 / QUINTA
239,17-Mar-2018,JODHPUR (F & V),CAULI FLOWER  - गोभी , 1305.00 / QUINTA
240,17-Mar-2018,JODHPUR (F & V),CHILLY  - चिल्ली , 920.00 / QUINTA
241,17-Mar-2018,JODHPUR (F & V),CUCUMBER(L)  - खीरा (L) , 1260.00 / QUINTA
242,17-Mar-2018,JODHPUR (F & V),GARLIC  - लहसुन , 2125.00 / QUINTA
243,17-Mar-2018,JODHPUR (F & V),GINGER  - अदरक , 1232.00 / QUINTA
244,17-Mar-2018,JODHPUR (F & V),GREEN PEAS  - हरी मटर , 4600.00 / QUINTA
245,17-Mar-2018,JODHPUR (F & V),LEMON  - नींबू , 1365.00 / QUINTA
246,17-Mar-2018,JODHPUR (F & V),MINT  - पुदीना , 425.00 / QUINTA
247,17-Mar-2018,JODHPUR (F & V),MOSAMBI  - मौसंबी , 1840.00 / QUINTA
248,17-Mar-2018,JODHPUR (F & V),OKRA (LADY FINGER)  - भिन्डी , 1305.00 / QUINTA
249,17-Mar-2018,JODHPUR (F & V),ONION  - प्याज , 1320.00 / QUINTA
250,17-Mar-2018,JODHPUR (F & V),ORANGE  - नारंगी , 1245.00 / QUINTA
,,,,
251,17-Mar-2018,JODHPUR (F & V),PAPAYA  - पपीता , 1291.00 / QUINTA
252,17-Mar-2018,JODHPUR (F & V),PINE APPLE  - अनानास , 1204.00 / QUINTA
253,17-Mar-2018,JODHPUR (F & V),POME GRANATE  - अनार , 1760.00 / QUINTA
254,17-Mar-2018,JODHPUR (F & V),POTATO  - आलू , 210.00 / QUINTA
255,17-Mar-2018,JODHPUR (F & V),RADDISH  - मूली , 637.00 / QUINTA
256,17-Mar-2018,JODHPUR (F & V),SAPOTA  - चीकू , 1104.00 / QUINTA
,,,,
257,17-Mar-2018,JODHPUR (F & V),TINDA  - टिंडा , 890.00 / QUINTA
258,17-Mar-2018,JODHPUR (F & V),TOMATO  - टमाटर , 1350.00 / QUINTA
259,17-Mar-2018,JODHPUR (GRAIN),GARLIC  - लहसुन , 1911.00 / QUINTA
260,17-Mar-2018,JODHPUR (GRAIN),GOWAR  - ग्वार , 2861.00 / QUINTA
261,17-Mar-2018,JODHPUR (GRAIN),GRAM  - चना , 4133.00 / QUINTA
262,17-Mar-2018,JODHPUR (GRAIN),GROUNDNUT (WHITE)  - मूंगफली (सफेद) , 2924.00 / QUINTA
263,17-Mar-2018,JODHPUR (GRAIN),MOONG (LOCAL)  - मूंग (स्थानीय) , 3403.00 / QUINTA
264,17-Mar-2018,JODHPUR (GRAIN),MOTH  - मोठ , 2715.00 / QUINTA
265,17-Mar-2018,JODHPUR (GRAIN),MUSTARD (LAHA)  - सरसों (laha) , 2635.00 / QUINTA
266,17-Mar-2018,JODHPUR (GRAIN),TARAMIRA  - तारामीरा  , 2881.00 / QUINTA
267,17-Mar-2018,JODHPUR (GRAIN),TIL (GAJJAR)  - तिल (गज्जर) , 4515.00 / QUINTA
268,17-Mar-2018,JODHPUR (GRAIN),WHEAT KANAK , 1710.00 / QUINTA
269,17-Mar-2018,KAMA,BAJRA SMALL  - छोटे बाजरा , 969.00 / QUINTA
270,17-Mar-2018,KAMA,GOWAR  - ग्वार , 2790.00 / QUINTA
271,17-Mar-2018,KAMA,MUSTARD (LAHA)  - सरसों (laha) , 3014.00 / QUINTA
272,17-Mar-2018,KAMA,WHEAT 1482  - गेहूं 1482 , 1513.00 / QUINTA
273,17-Mar-2018,KEKRI,BAJRA BOLD  - बाजरा बोल्ड , 901.00 / QUINTA
274,17-Mar-2018,KEKRI,BARLEY  - जौ , 1126.00 / QUINTA
275,17-Mar-2018,KEKRI,GRAM  - चना , 4046.00 / QUINTA
276,17-Mar-2018,KEKRI,JOWAR WHITE  - सफेद ज्वार , 1584.00 / QUINTA
277,17-Mar-2018,KEKRI,KAPAS AMERICAN  - अमेरिकन कपास , 4334.00 / QUINTA
278,17-Mar-2018,KEKRI,MAIZE RED  - लाल मक्का , 1335.00 / QUINTA
279,17-Mar-2018,KEKRI,MOONG (LOCAL)  - मूंग (स्थानीय) , 3827.00 / QUINTA
280,17-Mar-2018,KEKRI,MUSTARD (LAHA)  - सरसों (laha) , 3146.00 / QUINTA
281,17-Mar-2018,KEKRI,URAD (LOCAL)  - उड़द (स्थानीय) , 3810.00 / QUINTA
282,17-Mar-2018,KEKRI,WHEAT MAXICAN  - गेहूं मैक्सिकन , 1396.00 / QUINTA
,,,,
283,17-Mar-2018,KESRISINGHPUR,GOWAR  - ग्वार , 3132.00 / QUINTA
284,17-Mar-2018,KESRISINGHPUR,GRAM  - चना , 4002.00 / QUINTA
285,17-Mar-2018,KESRISINGHPUR,KAPAS AMERICAN  - अमेरिकन कपास , 3866.00 / QUINTA
286,17-Mar-2018,KESRISINGHPUR,KAPAS DESHI  - कपास देशी , 4720.00 / QUINTA
287,17-Mar-2018,KESRISINGHPUR,MOONG (LOCAL)  - मूंग (स्थानीय) , 3935.00 / QUINTA
288,17-Mar-2018,KESRISINGHPUR,MUSTARD (LAHA)  - सरसों (laha) , 3106.00 / QUINTA
,,,,
289,17-Mar-2018,KESRISINGHPUR,WHEAT 1482  - गेहूं 1482 , 1452.00 / QUINTA
290,17-Mar-2018,KHAIRTHAL,BAJRA SMALL  - छोटे बाजरा , 1008.00 / QUINTA
291,17-Mar-2018,KHAIRTHAL,GOWAR  - ग्वार , 2860.00 / QUINTA
292,17-Mar-2018,KHAIRTHAL,MUSTARD (LAHA)  - सरसों (laha) , 3045.00 / QUINTA
293,17-Mar-2018,KHAIRTHAL,WHEAT 1482  - गेहूं 1482 , 1490.00 / QUINTA
294,17-Mar-2018,KHAJUWALA,BARLEY  - जौ , 1105.00 / QUINTA
295,17-Mar-2018,KHAJUWALA,GRAM  - चना , 4410.00 / QUINTA
296,17-Mar-2018,KHAJUWALA,MOONG (LOCAL)  - मूंग (स्थानीय) , 3986.00 / QUINTA
297,17-Mar-2018,KHAJUWALA,MUSTARD (LAHA)  - सरसों (laha) , 2941.00 / QUINTA
298,17-Mar-2018,KHAJUWALA,WHEAT 1482  - गेहूं 1482 , 1376.00 / QUINTA
299,17-Mar-2018,KHERLI,BAJRA SMALL  - छोटे बाजरा , 992.00 / QUINTA
300,17-Mar-2018,KHERLI,MUSTARD (LAHA)  - सरसों (laha) , 3276.00 / QUINTA
301,17-Mar-2018,KHERLI,TIL (WHITE)  - तिल (सफेद) , 5280.00 / QUINTA
302,17-Mar-2018,KHERLI,WHEAT 1482  - गेहूं 1482 , 1393.00 / QUINTA
303,17-Mar-2018,KISHANGARH RENWAL,BAJRA BOLD  - बाजरा बोल्ड , 995.00 / QUINTA
304,17-Mar-2018,KISHANGARH RENWAL,GOWAR  - ग्वार , 3082.00 / QUINTA
305,17-Mar-2018,KISHANGARH RENWAL,GRAM  - चना , 3655.00 / QUINTA
306,17-Mar-2018,KISHANGARH RENWAL,MUSTARD (LAHA)  - सरसों (laha) , 3060.00 / QUINTA
307,17-Mar-2018,KISHANGARH RENWAL,WHEAT MAXICAN  - गेहूं मैक्सिकन , 1445.00 / QUINTA
308,17-Mar-2018,KOTA,BARLEY  - जौ , 1080.00 / QUINTA
309,17-Mar-2018,KOTA,DHANIA BOLD  - धनिया बोल्ड , 3520.00 / QUINTA
310,17-Mar-2018,KOTA,GRAM  - चना , 4317.00 / QUINTA
311,17-Mar-2018,KOTA,JOWAR LOCAL  - ज्वार (लोकल) , 1242.00 / QUINTA
312,17-Mar-2018,KOTA,MAIZE WHITE  - सफेद मक्का , 953.00 / QUINTA
313,17-Mar-2018,KOTA,METHI  - मेथी , 1958.00 / QUINTA
314,17-Mar-2018,KOTA,MOONG (LOCAL)  - मूंग (स्थानीय) , 3655.00 / QUINTA
,,,,
315,17-Mar-2018,KOTA,MUSTARD (LAHA)  - सरसों (laha) , 3058.00 / QUINTA
316,17-Mar-2018,KOTA,PADDY (LOCAL)  - धान (स्थानीय) , 2205.00 / QUINTA
317,17-Mar-2018,KOTA,SOYABEAN YELLOW  - पीला सोयाबीन , 2158.00 / QUINTA
318,17-Mar-2018,KOTA,TIL (GAJJAR)  - तिल (गज्जर) , 5375.00 / QUINTA
319,17-Mar-2018,KOTA,URAD (LOCAL)  - उड़द (स्थानीय) , 2915.00 / QUINTA
320,17-Mar-2018,KOTA,WHEAT MAXICAN  - गेहूं मैक्सिकन , 1446.00 / QUINTA
,,,,
321,17-Mar-2018,KOTA (F & V),APPLE  - सेब , 3300.00 / QUINTA
322,17-Mar-2018,KOTA (F & V),BANANA  - केला , 1290.00 / QUINTA
323,17-Mar-2018,KOTA (F & V),BOTTLE GOURD  - लौकी , 935.00 / QUINTA
324,17-Mar-2018,KOTA (F & V),BRINJAL  - बैंगन , 801.00 / QUINTA
325,17-Mar-2018,KOTA (F & V),CABBAGE  - गोभी , 1204.00 / QUINTA
326,17-Mar-2018,KOTA (F & V),CAPSICUM  - शिमला मिर्च , 4140.00 / QUINTA
327,17-Mar-2018,KOTA (F & V),CAULI FLOWER  - गोभी , 1610.00 / QUINTA
328,17-Mar-2018,KOTA (F & V),CHILLY  - चिल्ली , 1365.00 / QUINTA
329,17-Mar-2018,KOTA (F & V),CLUSTER BEANS  - ग्वार फली , 1610.00 / QUINTA
330,17-Mar-2018,KOTA (F & V),CUCUMBER  - खीरा , 1148.00 / QUINTA
331,17-Mar-2018,KOTA (F & V),GARLIC  - लहसुन , 3600.00 / QUINTA
332,17-Mar-2018,KOTA (F & V),GINGER  - अदरक , 1785.00 / QUINTA
333,17-Mar-2018,KOTA (F & V),GREEN PEAS  - हरी मटर , 5655.00 / QUINTA
334,17-Mar-2018,KOTA (F & V),LEMON  - नींबू , 2112.00 / QUINTA
335,17-Mar-2018,KOTA (F & V),MOSAMBI  - मौसंबी , 2720.00 / QUINTA
336,17-Mar-2018,KOTA (F & V),OKRA (LADY FINGER)  - भिन्डी , 1320.00 / QUINTA
337,17-Mar-2018,KOTA (F & V),ONION  - प्याज , 1386.00 / QUINTA
338,17-Mar-2018,KOTA (F & V),PAPAYA  - पपीता , 1275.00 / QUINTA
339,17-Mar-2018,KOTA (F & V),POTATO  - आलू , 305.00 / QUINTA
340,17-Mar-2018,KOTA (F & V),TOMATO  - टमाटर , 2730.00 / QUINTA
341,17-Mar-2018,LALSOT,BAJRA BOLD  - बाजरा बोल्ड , 1005.00 / QUINTA
342,17-Mar-2018,LALSOT,GOWAR  - ग्वार , 2809.00 / QUINTA
343,17-Mar-2018,LALSOT,GRAM  - चना , 4214.00 / QUINTA
344,17-Mar-2018,LALSOT,GROUNDNUT (WHITE)  - मूंगफली (सफेद) , 2958.00 / QUINTA
345,17-Mar-2018,LALSOT,MUSTARD (LAHA)  - सरसों (laha) , 3080.00 / QUINTA
346,17-Mar-2018,LALSOT,TIL (GAJJAR)  - तिल (गज्जर) , 5785.00 / QUINTA
,,,,
347,17-Mar-2018,LALSOT,WHEAT MAXICAN  - गेहूं मैक्सिकन , 1467.00 / QUINTA
348,17-Mar-2018,LOONKARNSAR,GOWAR  - ग्वार , 3226.00 / QUINTA
349,17-Mar-2018,LOONKARNSAR,GROUNDNUT (WHITE)  - मूंगफली (सफेद) , 3191.00 / QUINTA
350,17-Mar-2018,LOONKARNSAR,MOTH  - मोठ , 2852.00 / QUINTA
351,17-Mar-2018,MADANGANJ KISHANGARH,BAJRA BOLD  - बाजरा बोल्ड , 968.00 / QUINTA
352,17-Mar-2018,MADANGANJ KISHANGARH,BARLEY  - जौ , 1228.00 / QUINTA
,,,,
353,17-Mar-2018,MADANGANJ KISHANGARH,CHAULA  - छोला , 4089.00 / QUINTA
354,17-Mar-2018,MADANGANJ KISHANGARH,GOWAR  - ग्वार , 2970.00 / QUINTA
355,17-Mar-2018,MADANGANJ KISHANGARH,GRAM  - चना , 3822.00 / QUINTA
356,17-Mar-2018,MADANGANJ KISHANGARH,JOWAR WHITE  - सफेद ज्वार , 1491.00 / QUINTA
357,17-Mar-2018,MADANGANJ KISHANGARH,MAIZE RED  - लाल मक्का , 1343.00 / QUINTA
358,17-Mar-2018,MADANGANJ KISHANGARH,MOONG (LOCAL)  - मूंग (स्थानीय) , 3611.00 / QUINTA
359,17-Mar-2018,MADANGANJ KISHANGARH,MUSTARD (LAHA)  - सरसों (laha) , 2781.00 / QUINTA
360,17-Mar-2018,MADANGANJ KISHANGARH,TARAMIRA  - तारामीरा  , 2764.00 / QUINTA
361,17-Mar-2018,MADANGANJ KISHANGARH,TIL (GAJJAR)  - तिल (गज्जर) , 4872.00 / QUINTA
362,17-Mar-2018,MADANGANJ KISHANGARH,URAD (LOCAL)  - उड़द (स्थानीय) , 2864.00 / QUINTA
363,17-Mar-2018,MADANGANJ KISHANGARH,WHEAT MAXICAN  - गेहूं मैक्सिकन , 1408.00 / QUINTA
364,17-Mar-2018,MAHUA MANDAWAR,GOWAR  - ग्वार , 2491.00 / QUINTA
365,17-Mar-2018,MAHUA MANDAWAR,GRAM  - चना , 4140.00 / QUINTA
366,17-Mar-2018,MAHUA MANDAWAR,JOWAR LOCAL  - ज्वार (लोकल) , 1572.00 / QUINTA
367,17-Mar-2018,MAHUA MANDAWAR,MUSTARD (LAHA)  - सरसों (laha) , 3247.00 / QUINTA
368,17-Mar-2018,MAHUA MANDAWAR,TARAMIRA  - तारामीरा  , 2490.00 / QUINTA
369,17-Mar-2018,MAHUA MANDAWAR,WHEAT MAXICAN  - गेहूं मैक्सिकन , 1460.00 / QUINTA
370,17-Mar-2018,MALPURA,BAJRA BOLD  - बाजरा बोल्ड , 963.00 / QUINTA
371,17-Mar-2018,MALPURA,BARLEY  - जौ , 1075.00 / QUINTA
372,17-Mar-2018,MALPURA,GRAM  - चना , 4080.00 / QUINTA
373,17-Mar-2018,MALPURA,GROUNDNUT (WHITE)  - मूंगफली (सफेद) , 2822.00 / QUINTA
374,17-Mar-2018,MALPURA,JOWAR WHITE  - सफेद ज्वार , 1514.00 / QUINTA
375,17-Mar-2018,MALPURA,MAIZE RED  - लाल मक्का , 1474.00 / QUINTA
376,17-Mar-2018,MALPURA,MOONG (LOCAL)  - मूंग (स्थानीय) , 3528.00 / QUINTA
377,17-Mar-2018,MALPURA,MUSTARD (LAHA)  - सरसों (laha) , 3154.00 / QUINTA
378,17-Mar-2018,MALPURA,TARAMIRA  - तारामीरा  , 3071.00 / QUINTA
,,,,
379,17-Mar-2018,MALPURA,TIL (GAJJAR)  - तिल (गज्जर) , 5270.00 / QUINTA
380,17-Mar-2018,MALPURA,URAD (LOCAL)  - उड़द (स्थानीय) , 2940.00 / QUINTA
381,17-Mar-2018,MALPURA,WHEAT MAXICAN  - गेहूं मैक्सिकन , 1373.00 / QUINTA
382,17-Mar-2018,MANDALGARH,MAIZE RED  - लाल मक्का , 1272.00 / QUINTA
383,17-Mar-2018,MANDALGARH,WHEAT MAXICAN  - गेहूं मैक्सिकन , 1398.00 / QUINTA
384,17-Mar-2018,MANDAWARI,BAJRA BOLD  - बाजरा बोल्ड , 1031.00 / QUINTA
,,,,
385,17-Mar-2018,MANDAWARI,GOWAR  - ग्वार , 2843.00 / QUINTA
386,17-Mar-2018,MANDAWARI,MUSTARD (LAHA)  - सरसों (laha) , 3102.00 / QUINTA
387,17-Mar-2018,MANDAWARI,TIL (GAJJAR)  - तिल (गज्जर) , 5680.00 / QUINTA
388,17-Mar-2018,MANDAWARI,WHEAT MAXICAN  - गेहूं मैक्सिकन , 1383.00 / QUINTA
389,17-Mar-2018,NADBAI,BAJRA SMALL  - छोटे बाजरा , 987.00 / QUINTA
390,17-Mar-2018,NADBAI,GOWAR  - ग्वार , 2820.00 / QUINTA
391,17-Mar-2018,NADBAI,MUSTARD (LAHA)  - सरसों (laha) , 3010.00 / QUINTA
392,17-Mar-2018,NADBAI,WHEAT 1482  - गेहूं 1482 , 1361.00 / QUINTA
393,17-Mar-2018,NAGAR,MUSTARD (LAHA)  - सरसों (laha) , 3231.00 / QUINTA
394,17-Mar-2018,NAGAR,WHEAT 1482  - गेहूं 1482 , 1393.00 / QUINTA
395,17-Mar-2018,NEWAI,BAJRA BOLD  - बाजरा बोल्ड , 968.00 / QUINTA
396,17-Mar-2018,NEWAI,BARLEY  - जौ , 1183.00 / QUINTA
397,17-Mar-2018,NEWAI,GOWAR  - ग्वार , 2604.00 / QUINTA
398,17-Mar-2018,NEWAI,GRAM  - चना , 4558.00 / QUINTA
399,17-Mar-2018,NEWAI,GROUNDNUT (WHITE)  - मूंगफली (सफेद) , 3185.00 / QUINTA
400,17-Mar-2018,NEWAI,JOWAR WHITE  - सफेद ज्वार , 1716.00 / QUINTA
401,17-Mar-2018,NEWAI,MOONG (LOCAL)  - मूंग (स्थानीय) , 3444.00 / QUINTA
402,17-Mar-2018,NEWAI,MUSTARD (LAHA)  - सरसों (laha) , 3194.00 / QUINTA
403,17-Mar-2018,NEWAI,TIL (GAJJAR)  - तिल (गज्जर) , 5670.00 / QUINTA
404,17-Mar-2018,NEWAI,URAD (LOCAL)  - उड़द (स्थानीय) , 3036.00 / QUINTA
405,17-Mar-2018,NEWAI,WHEAT MAXICAN  - गेहूं मैक्सिकन , 1411.00 / QUINTA
406,17-Mar-2018,NOHAR,GOWAR  - ग्वार , 3052.00 / QUINTA
407,17-Mar-2018,NOHAR,GRAM  - चना , 4450.00 / QUINTA
408,17-Mar-2018,NOHAR,GROUNDNUT (WHITE)  - मूंगफली (सफेद) , 3063.00 / QUINTA
409,17-Mar-2018,NOHAR,KAPAS AMERICAN  - अमेरिकन कपास , 3983.00 / QUINTA
410,17-Mar-2018,NOHAR,MOONG (LOCAL)  - मूंग (स्थानीय) , 4505.00 / QUINTA
,,,,
411,17-Mar-2018,NOHAR,MOTH  - मोठ , 2925.00 / QUINTA
412,17-Mar-2018,NOHAR,MUSTARD (LAHA)  - सरसों (laha) , 2958.00 / QUINTA
413,17-Mar-2018,NOKHA,GOWAR  - ग्वार , 3113.00 / QUINTA
414,17-Mar-2018,NOKHA,GRAM  - चना , 4115.00 / QUINTA
415,17-Mar-2018,NOKHA,GROUNDNUT (WHITE)  - मूंगफली (सफेद) , 2828.00 / QUINTA
416,17-Mar-2018,NOKHA,JEERA (CUMIN)  - जीरा (जीरा) , 14259.00 / QUINTA
,,,,
417,17-Mar-2018,NOKHA,METHI  - मेथी , 2445.00 / QUINTA
418,17-Mar-2018,NOKHA,MOONG (LOCAL)  - मूंग (स्थानीय) , 3571.00 / QUINTA
419,17-Mar-2018,NOKHA,MOTH  - मोठ , 2866.00 / QUINTA
420,17-Mar-2018,NOKHA,TIL (GAJJAR)  - तिल (गज्जर) , 5082.00 / QUINTA
421,17-Mar-2018,NOKHA,WHEAT 1482  - गेहूं 1482 , 1466.00 / QUINTA
422,17-Mar-2018,PADAMPUR,GOWAR  - ग्वार , 2937.00 / QUINTA
423,17-Mar-2018,PADAMPUR,GRAM  - चना , 4080.00 / QUINTA
424,17-Mar-2018,PADAMPUR,KAPAS AMERICAN  - अमेरिकन कपास , 4131.00 / QUINTA
425,17-Mar-2018,PADAMPUR,MOONG (LOCAL)  - मूंग (स्थानीय) , 3694.00 / QUINTA
426,17-Mar-2018,PADAMPUR,MUSTARD (LAHA)  - सरसों (laha) , 3062.00 / QUINTA
427,17-Mar-2018,PADAMPUR,WHEAT 1482  - गेहूं 1482 , 1536.00 / QUINTA
428,17-Mar-2018,PILIBANGA,GOWAR  - ग्वार , 2947.00 / QUINTA
429,17-Mar-2018,PILIBANGA,KAPAS AMERICAN  - अमेरिकन कपास , 4176.00 / QUINTA
430,17-Mar-2018,PILIBANGA,KAPAS DESHI  - कपास देशी , 2002.00 / QUINTA
431,17-Mar-2018,PILIBANGA,MUSTARD (LAHA)  - सरसों (laha) , 3052.00 / QUINTA
432,17-Mar-2018,PILIBANGA,WHEAT MAXICAN  - गेहूं मैक्सिकन , 1516.00 / QUINTA
433,17-Mar-2018,RAISINGH NAGAR,BAJRA BOLD  - बाजरा बोल्ड , 1035.00 / QUINTA
434,17-Mar-2018,RAISINGH NAGAR,GOWAR  - ग्वार , 2919.00 / QUINTA
435,17-Mar-2018,RAISINGH NAGAR,GRAM  - चना , 4420.00 / QUINTA
436,17-Mar-2018,RAISINGH NAGAR,KAPAS AMERICAN  - अमेरिकन कपास , 4073.00 / QUINTA
437,17-Mar-2018,RAISINGH NAGAR,KAPAS DESHI  - कपास देशी , 4611.00 / QUINTA
438,17-Mar-2018,RAISINGH NAGAR,MOONG (LOCAL)  - मूंग (स्थानीय) , 3528.00 / QUINTA
439,17-Mar-2018,RAISINGH NAGAR,MUSTARD (LAHA)  - सरसों (laha) , 2913.00 / QUINTA
440,17-Mar-2018,RAISINGH NAGAR,WHEAT 1482  - गेहूं 1482 , 1430.00 / QUINTA
441,17-Mar-2018,RAJGARH,BITTER GOURD  - करेला , 1080.00 / QUINTA
442,17-Mar-2018,RAJGARH,BOTTLE GOURD  - लौकी , 534.00 / QUINTA
,,,,
443,17-Mar-2018,RAJGARH,CAULI FLOWER  - गोभी , 680.00 / QUINTA
444,17-Mar-2018,RAJGARH,CHILLY  - चिल्ली , 2208.00 / QUINTA
445,17-Mar-2018,RAJGARH,CUCUMBER  - खीरा , 1365.00 / QUINTA
446,17-Mar-2018,RAJGARH,GINGER  - अदरक , 4550.00 / QUINTA
447,17-Mar-2018,RAJGARH,LEMON  - नींबू , 4400.00 / QUINTA
448,17-Mar-2018,RAJGARH,ONION  - प्याज , 3640.00 / QUINTA
,,,,
449,17-Mar-2018,RAJGARH,PAPAYA  - पपीता , 1320.00 / QUINTA
450,17-Mar-2018,RAJGARH,POME GRANATE  - अनार , 5810.00 / QUINTA
451,17-Mar-2018,RAJGARH,POTATO  - आलू , 364.00 / QUINTA
452,17-Mar-2018,RAJGARH,TINDA  - टिंडा , 1660.00 / QUINTA
453,17-Mar-2018,RAJGARH,TOMATO  - टमाटर , 2200.00 / QUINTA
454,17-Mar-2018,RANI,BARLEY  - जौ , 1092.00 / QUINTA
455,17-Mar-2018,RANI,GOWAR  - ग्वार , 2805.00 / QUINTA
456,17-Mar-2018,RANI,KAPAS AMERICAN  - अमेरिकन कपास , 4034.00 / QUINTA
457,17-Mar-2018,RANI,METHI  - मेथी , 1909.00 / QUINTA
458,17-Mar-2018,RANI,MOONG (LOCAL)  - मूंग (स्थानीय) , 3740.00 / QUINTA
459,17-Mar-2018,RANI,URAD (LOCAL)  - उड़द (स्थानीय) , 3240.00 / QUINTA
460,17-Mar-2018,RANI,WHEAT KANAK , 1376.00 / QUINTA
461,17-Mar-2018,RAWATSAR,GOWAR  - ग्वार , 2923.00 / QUINTA
462,17-Mar-2018,RAWATSAR,GROUNDNUT (WHITE)  - मूंगफली (सफेद) , 3030.00 / QUINTA
463,17-Mar-2018,RAWATSAR,KAPAS AMERICAN  - अमेरिकन कपास , 3893.00 / QUINTA
464,17-Mar-2018,RAWATSAR,KAPAS DESHI  - कपास देशी , 5643.00 / QUINTA
465,17-Mar-2018,RAWATSAR,MOONG (LOCAL)  - मूंग (स्थानीय) , 3420.00 / QUINTA
466,17-Mar-2018,RAWATSAR,MOTH  - मोठ , 2795.00 / QUINTA
467,17-Mar-2018,RAWATSAR,MUSTARD (LAHA)  - सरसों (laha) , 3054.00 / QUINTA
468,17-Mar-2018,RAWATSAR,TIL (GAJJAR)  - तिल (गज्जर) , 5246.00 / QUINTA
469,17-Mar-2018,RAWLA,GOWAR  - ग्वार , 2905.00 / QUINTA
470,17-Mar-2018,RAWLA,GRAM  - चना , 4201.00 / QUINTA
471,17-Mar-2018,RAWLA,KAPAS AMERICAN  - अमेरिकन कपास , 3754.00 / QUINTA
472,17-Mar-2018,RAWLA,MOONG (LOCAL)  - मूंग (स्थानीय) , 4095.00 / QUINTA
473,17-Mar-2018,RAWLA,MUSTARD (LAHA)  - सरसों (laha) , 3003.00 / QUINTA
474,17-Mar-2018,RAWLA,WHEAT 1482  - गेहूं 1482 , 1491.00 / QUINTA
,,,,
475,17-Mar-2018,RIDHMALSAR,GOWAR  - ग्वार , 3069.00 / QUINTA
476,17-Mar-2018,RIDHMALSAR,GRAM  - चना , 4077.00 / QUINTA
477,17-Mar-2018,RIDHMALSAR,KAPAS AMERICAN  - अमेरिकन कपास , 4127.00 / QUINTA
478,17-Mar-2018,RIDHMALSAR,MOONG (LOCAL)  - मूंग (स्थानीय) , 3634.00 / QUINTA
479,17-Mar-2018,RIDHMALSAR,MUSTARD (LAHA)  - सरसों (laha) , 3130.00 / QUINTA
480,17-Mar-2018,RIDHMALSAR,WHEAT 1482  - गेहूं 1482 , 1498.00 / QUINTA
,,,,
481,17-Mar-2018,SADULPUR,BAJRA BOLD  - बाजरा बोल्ड , 1025.00 / QUINTA
482,17-Mar-2018,SADULPUR,GOWAR  - ग्वार , 3077.00 / QUINTA
483,17-Mar-2018,SADULPUR,MOTH  - मोठ , 2790.00 / QUINTA
484,17-Mar-2018,SADULSHAHAR,GOWAR  - ग्वार , 3123.00 / QUINTA
485,17-Mar-2018,SADULSHAHAR,KAPAS AMERICAN  - अमेरिकन कपास , 3924.00 / QUINTA
486,17-Mar-2018,SADULSHAHAR,KAPAS DESHI  - कपास देशी , 4788.00 / QUINTA
487,17-Mar-2018,SADULSHAHAR,MOONG (LOCAL)  - मूंग (स्थानीय) , 3268.00 / QUINTA
488,17-Mar-2018,SADULSHAHAR,MUSTARD (LAHA)  - सरसों (laha) , 3248.00 / QUINTA
489,17-Mar-2018,SADULSHAHAR,WHEAT MAXICAN  - गेहूं मैक्सिकन , 1442.00 / QUINTA
490,17-Mar-2018,SANGRIA,BAJRA BOLD  - बाजरा बोल्ड , 1099.00 / QUINTA
491,17-Mar-2018,SANGRIA,GOWAR  - ग्वार , 2923.00 / QUINTA
492,17-Mar-2018,SANGRIA,KAPAS AMERICAN  - अमेरिकन कपास , 4416.00 / QUINTA
493,17-Mar-2018,SANGRIA,MOONG (LOCAL)  - मूंग (स्थानीय) , 3799.00 / QUINTA
494,17-Mar-2018,SANGRIA,MUSTARD (LAHA)  - सरसों (laha) , 2917.00 / QUINTA
495,17-Mar-2018,SARDAR SHAHAR,GOWAR  - ग्वार , 2520.00 / QUINTA
496,17-Mar-2018,SARDAR SHAHAR,GROUNDNUT (WHITE)  - मूंगफली (सफेद) , 3219.00 / QUINTA
497,17-Mar-2018,SARDAR SHAHAR,MOTH  - मोठ , 2903.00 / QUINTA
498,17-Mar-2018,SARDAR SHAHAR,MUSTARD (LAHA)  - सरसों (laha) , 2919.00 / QUINTA
499,17-Mar-2018,SAWAI MADHOPUR,BAJRA BOLD  - बाजरा बोल्ड , 930.00 / QUINTA
500,17-Mar-2018,SAWAI MADHOPUR,GRAM  - चना , 4165.00 / QUINTA
501,17-Mar-2018,SAWAI MADHOPUR,JOWAR LOCAL  - ज्वार (लोकल) , 1165.00 / QUINTA
502,17-Mar-2018,SAWAI MADHOPUR,MASUR  - मसूर , 2771.00 / QUINTA
503,17-Mar-2018,SAWAI MADHOPUR,MUSTARD (LAHA)  - सरसों (laha) , 2947.00 / QUINTA
504,17-Mar-2018,SAWAI MADHOPUR,SOYABEAN YELLOW  - पीला सोयाबीन , 2295.00 / QUINTA
505,17-Mar-2018,SAWAI MADHOPUR,TIL (GAJJAR)  - तिल (गज्जर) , 6072.00 / QUINTA
506,17-Mar-2018,SAWAI MADHOPUR,URAD (LOCAL)  - उड़द (स्थानीय) , 3194.00 / QUINTA
,,,,
507,17-Mar-2018,SAWAI MADHOPUR,WHEAT MAXICAN  - गेहूं मैक्सिकन , 1427.00 / QUINTA
508,17-Mar-2018,SRIGANGANAGAR (F & V),APPLE  - सेब , 3154.00 / QUINTA
509,17-Mar-2018,SRIGANGANAGAR (F & V),BANANA  - केला , 1290.00 / QUINTA
510,17-Mar-2018,SRIGANGANAGAR (F & V),BITTER GOURD  - करेला , 1760.00 / QUINTA
511,17-Mar-2018,SRIGANGANAGAR (F & V),BRINJAL  - बैंगन , 1044.00 / QUINTA
512,17-Mar-2018,SRIGANGANAGAR (F & V),CAPSICUM  - शिमला मिर्च , 4524.00 / QUINTA
,,,,
513,17-Mar-2018,SRIGANGANAGAR (F & V),CARROT  - गाजर , 1680.00 / QUINTA
514,17-Mar-2018,SRIGANGANAGAR (F & V),CAULI FLOWER  - गोभी , 1530.00 / QUINTA
515,17-Mar-2018,SRIGANGANAGAR (F & V),CHILLY  - चिल्ली , 1914.00 / QUINTA
516,17-Mar-2018,SRIGANGANAGAR (F & V),CUCUMBER  - खीरा , 1892.00 / QUINTA
517,17-Mar-2018,SRIGANGANAGAR (F & V),GARLIC  - लहसुन , 2275.00 / QUINTA
518,17-Mar-2018,SRIGANGANAGAR (F & V),GINGER  - अदरक , 2225.00 / QUINTA
519,17-Mar-2018,SRIGANGANAGAR (F & V),LEMON  - नींबू , 2150.00 / QUINTA
520,17-Mar-2018,SRIGANGANAGAR (F & V),OKRA (LADY FINGER)  - भिन्डी , 1870.00 / QUINTA
521,17-Mar-2018,SRIGANGANAGAR (F & V),ONION  - प्याज , 1780.00 / QUINTA
522,17-Mar-2018,SRIGANGANAGAR (F & V),PAPAYA  - पपीता , 1840.00 / QUINTA
523,17-Mar-2018,SRIGANGANAGAR (F & V),PINE APPLE  - अनानास , 3560.00 / QUINTA
524,17-Mar-2018,SRIGANGANAGAR (F & V),POME GRANATE  - अनार , 6750.00 / QUINTA
525,17-Mar-2018,SRIGANGANAGAR (F & V),POTATO  - आलू , 237.00 / QUINTA
526,17-Mar-2018,SRIGANGANAGAR (F & V),PUMPKIN  - कद्दू , 968.00 / QUINTA
527,17-Mar-2018,SRIGANGANAGAR (F & V),RADDISH  - मूली , 420.00 / QUINTA
528,17-Mar-2018,SRIGANGANAGAR (F & V),TOMATO  - टमाटर , 2640.00 / QUINTA
529,17-Mar-2018,SRIGANGANAGAR (F & V),WATER MELON  - तरबूज , 1350.00 / QUINTA
530,17-Mar-2018,SRIGANGANAGAR (GRAIN),BAJRA BOLD  - बाजरा बोल्ड , 1077.00 / QUINTA
531,17-Mar-2018,SRIGANGANAGAR (GRAIN),GOWAR  - ग्वार , 3220.00 / QUINTA
532,17-Mar-2018,SRIGANGANAGAR (GRAIN),GRAM  - चना , 4123.00 / QUINTA
533,17-Mar-2018,SRIGANGANAGAR (GRAIN),GROUNDNUT (WHITE)  - मूंगफली (सफेद) , 2800.00 / QUINTA
534,17-Mar-2018,SRIGANGANAGAR (GRAIN),KAPAS AMERICAN  - अमेरिकन कपास , 4086.00 / QUINTA
535,17-Mar-2018,SRIGANGANAGAR (GRAIN),KAPAS DESHI  - कपास देशी , 5460.00 / QUINTA
536,17-Mar-2018,SRIGANGANAGAR (GRAIN),MOONG (LOCAL)  - मूंग (स्थानीय) , 4169.00 / QUINTA
537,17-Mar-2018,SRIGANGANAGAR (GRAIN),MUSTARD (LAHA)  - सरसों (laha) , 3178.00 / QUINTA
538,17-Mar-2018,SRIGANGANAGAR (GRAIN),WHEAT 1482  - गेहूं 1482 , 1502.00 / QUINTA
,,,,
539,17-Mar-2018,SRIKARANPUR,GOWAR  - ग्वार , 3103.00 / QUINTA
540,17-Mar-2018,SRIKARANPUR,GRAM  - चना , 3948.00 / QUINTA
541,17-Mar-2018,SRIKARANPUR,KAPAS AMERICAN  - अमेरिकन कपास , 3935.00 / QUINTA
542,17-Mar-2018,SRIKARANPUR,MOONG (LOCAL)  - मूंग (स्थानीय) , 3600.00 / QUINTA
543,17-Mar-2018,SRIKARANPUR,MUSTARD (LAHA)  - सरसों (laha) , 3053.00 / QUINTA
544,17-Mar-2018,SRIKARANPUR,WHEAT 1482  - गेहूं 1482 , 1275.00 / QUINTA
,,,,
545,17-Mar-2018,SRIVIJAYNAGAR,GOWAR  - ग्वार , 2977.00 / QUINTA
546,17-Mar-2018,SRIVIJAYNAGAR,GRAM  - चना , 4098.00 / QUINTA
547,17-Mar-2018,SRIVIJAYNAGAR,KAPAS AMERICAN  - अमेरिकन कपास , 4184.00 / QUINTA
548,17-Mar-2018,SRIVIJAYNAGAR,MOONG (LOCAL)  - मूंग (स्थानीय) , 3735.00 / QUINTA
549,17-Mar-2018,SRIVIJAYNAGAR,MUSTARD (LAHA)  - सरसों (laha) , 2933.00 / QUINTA
550,17-Mar-2018,SRIVIJAYNAGAR,WHEAT 1482  - गेहूं 1482 , 1461.00 / QUINTA
551,17-Mar-2018,SUJANGARH,BAJRA BOLD  - बाजरा बोल्ड , 1044.00 / QUINTA
552,17-Mar-2018,SUJANGARH,GOWAR  - ग्वार , 2822.00 / QUINTA
553,17-Mar-2018,SUJANGARH,GROUNDNUT (WHITE)  - मूंगफली (सफेद) , 2946.00 / QUINTA
554,17-Mar-2018,SUJANGARH,MOONG (LOCAL)  - मूंग (स्थानीय) , 3424.00 / QUINTA
555,17-Mar-2018,SUJANGARH,MOTH  - मोठ , 2457.00 / QUINTA
556,17-Mar-2018,SUJANGARH,TIL (GAJJAR)  - तिल (गज्जर) , 4814.00 / QUINTA
557,17-Mar-2018,SURATGARH,BAJRA BOLD  - बाजरा बोल्ड , 1038.00 / QUINTA
558,17-Mar-2018,SURATGARH,GOWAR  - ग्वार , 3216.00 / QUINTA
559,17-Mar-2018,SURATGARH,GRAM  - चना , 4056.00 / QUINTA
560,17-Mar-2018,SURATGARH,KAPAS AMERICAN  - अमेरिकन कपास , 3993.00 / QUINTA
561,17-Mar-2018,TONK,BAJRA BOLD  - बाजरा बोल्ड , 938.00 / QUINTA
562,17-Mar-2018,TONK,BARLEY  - जौ , 1121.00 / QUINTA
563,17-Mar-2018,TONK,GOWAR  - ग्वार , 2162.00 / QUINTA
564,17-Mar-2018,TONK,JOWAR WHITE  - सफेद ज्वार , 1575.00 / QUINTA
565,17-Mar-2018,TONK,MAIZE RED  - लाल मक्का , 995.00 / QUINTA
566,17-Mar-2018,TONK,MOONG (LOCAL)  - मूंग (स्थानीय) , 3171.00 / QUINTA
567,17-Mar-2018,TONK,MUSTARD (LAHA)  - सरसों (laha) , 2786.00 / QUINTA
568,17-Mar-2018,TONK,TIL (GAJJAR)  - तिल (गज्जर) , 5416.00 / QUINTA
569,17-Mar-2018,TONK,URAD (LOCAL)  - उड़द (स्थानीय) , 3214.00 / QUINTA
570,17-Mar-2018,TONK,WHEAT MAXICAN  - गेहूं मैक्सिकन , 1340.00 / QUINTA
,,,,
571,17-Mar-2018,UDAIPUR,BAJRA SMALL  - छोटे बाजरा , 1247.00 / QUINTA
572,17-Mar-2018,UDAIPUR,BARLEY  - जौ , 1251.00 / QUINTA
573,17-Mar-2018,UDAIPUR,CHILLIES DRY  - सूखी मिर्च , 9680.00 / QUINTA
574,17-Mar-2018,UDAIPUR,GOWAR  - ग्वार , 2807.00 / QUINTA
575,17-Mar-2018,UDAIPUR,GRAM  - चना , 4316.00 / QUINTA
576,17-Mar-2018,UDAIPUR,GUR (WHOLE SALE)  - गुड़ (थोक में) , 2959.00 / QUINTA
,,,,
577,17-Mar-2018,UDAIPUR,JOWAR WHITE  - सफेद ज्वार , 1320.00 / QUINTA
578,17-Mar-2018,UDAIPUR,MAIZE WHITE  - सफेद मक्का , 1193.00 / QUINTA
579,17-Mar-2018,UDAIPUR,MUSTARD (LAHA)  - सरसों (laha) , 2915.00 / QUINTA
580,17-Mar-2018,UDAIPUR,SOYABEAN YELLOW  - पीला सोयाबीन , 2342.00 / QUINTA
581,17-Mar-2018,UDAIPUR,SUGAR (WHOLE SALE)  - चीनी (थोक में) , 3519.00 / QUINTA
582,17-Mar-2018,UDAIPUR,TARAMIRA  - तारामीरा  , 4275.00 / QUINTA
583,17-Mar-2018,UDAIPUR,URAD (LOCAL)  - उड़द (स्थानीय) , 3605.00 / QUINTA
584,17-Mar-2018,UDAIPUR,WHEAT MAXICAN  - गेहूं मैक्सिकन , 1346.00 / QUINTA
585,17-Mar-2018,UDAIPUR (F & V),APPLE  - सेब , 2520.00 / QUINTA
586,17-Mar-2018,UDAIPUR (F & V),BANANA  - केला , 748.00 / QUINTA
587,17-Mar-2018,UDAIPUR (F & V),BOTTLE GOURD  - लौकी , 989.00 / QUINTA
588,17-Mar-2018,UDAIPUR (F & V),CABBAGE  - गोभी , 1840.00 / QUINTA
589,17-Mar-2018,UDAIPUR (F & V),CAPSICUM  - शिमला मिर्च , 3360.00 / QUINTA
590,17-Mar-2018,UDAIPUR (F & V),CAULI FLOWER  - गोभी , 1890.00 / QUINTA
591,17-Mar-2018,UDAIPUR (F & V),CHILLY  - चिल्ली , 1820.00 / QUINTA
592,17-Mar-2018,UDAIPUR (F & V),CLUSTER BEANS  - ग्वार फली , 1540.00 / QUINTA
593,17-Mar-2018,UDAIPUR (F & V),CUCUMBER(L)  - खीरा (L) , 1175.00 / QUINTA
594,17-Mar-2018,UDAIPUR (F & V),GARLIC  - लहसुन , 1558.00 / QUINTA
595,17-Mar-2018,UDAIPUR (F & V),GINGER  - अदरक , 1806.00 / QUINTA
596,17-Mar-2018,UDAIPUR (F & V),GRAPES  - अंगूर , 3338.00 / QUINTA
597,17-Mar-2018,UDAIPUR (F & V),GREEN PEAS  - हरी मटर , 5280.00 / QUINTA
598,17-Mar-2018,UDAIPUR (F & V),LEMON  - नींबू , 2175.00 / QUINTA
599,17-Mar-2018,UDAIPUR (F & V),MOSAMBI  - मौसंबी , 1935.00 / QUINTA
600,17-Mar-2018,UDAIPUR (F & V),OKRA (LADY FINGER)  - भिन्डी , 1700.00 / QUINTA
601,17-Mar-2018,UDAIPUR (F & V),ONION  - प्याज , 1780.00 / QUINTA
602,17-Mar-2018,UDAIPUR (F & V),ORANGE  - नारंगी , 1113.00 / QUINTA
,,,,
603,17-Mar-2018,UDAIPUR (F & V),PAPAYA  - पपीता , 1275.00 / QUINTA
604,17-Mar-2018,UDAIPUR (F & V),PINE APPLE  - अनानास , 2115.00 / QUINTA
605,17-Mar-2018,UDAIPUR (F & V),POME GRANATE  - अनार , 3485.00 / QUINTA
606,17-Mar-2018,UDAIPUR (F & V),POTATO  - आलू , 340.00 / QUINTA
607,17-Mar-2018,UDAIPUR (F & V),PUMPKIN  - कद्दू , 374.00 / QUINTA
608,17-Mar-2018,UDAIPUR (F & V),RADDISH  - मूली , 653.00 / QUINTA
,,,,
609,17-Mar-2018,UDAIPUR (F & V),RIDGE GOURD  - तुरई , 2958.00 / QUINTA
610,17-Mar-2018,UDAIPUR (F & V),SAPOTA  - चीकू , 1047.00 / QUINTA
611,17-Mar-2018,UDAIPUR (F & V),TOMATO  - टमाटर , 2175.00 / QUINTA
612,17-Mar-2018,UDAIPUR (F & V),WATER MELON  - तरबूज , 498.00 / QUINTA
,,,,
,,,,
